trainset/0001/0001_0000255/0000001.jpg,1,0001_0000255
trainset/0001/0001_0000262/0000011.jpg,2,0001_0000262
trainset/0001/0001_0000264/0001_0000264_script.jpg,3,0001_0000264
trainset/0001/0001_0000265/0000000.jpg,4,0001_0000265
trainset/0001/0001_0000268/0000000.jpg,5,0001_0000268
trainset/0001/0001_0000274/0000006.jpg,6,0001_0000274
trainset/0001/0001_0000278/0000012.jpg,7,0001_0000278
trainset/0001/0001_0000281/0000006.jpg,8,0001_0000281
trainset/0001/0001_0000283/0000004.jpg,9,0001_0000283
trainset/0001/0001_0000284/0000001.jpg,10,0001_0000284
trainset/0001/0001_0000286/0000004.jpg,11,0001_0000286
trainset/0001/0001_0000292/0000002.jpg,12,0001_0000292
trainset/0001/0001_0000293/0000000.jpg,13,0001_0000293
trainset/0001/0001_0000297/0000000.jpg,14,0001_0000297
trainset/0001/0001_0000298/0000000.jpg,15,0001_0000298
trainset/0001/0001_0000299/0000001.jpg,16,0001_0000299
trainset/0001/0001_0000301/0000000.jpg,17,0001_0000301
trainset/0001/0001_0000303/0000007.jpg,18,0001_0000303
trainset/0001/0001_0000304/0001_0000304_script.jpg,19,0001_0000304
trainset/0001/0001_0000305/0000002.jpg,20,0001_0000305
trainset/0002/0002_0000307/0000000.jpg,21,0002_0000307
trainset/0002/0002_0000308/0000000.jpg,22,0002_0000308
trainset/0002/0002_0000313/0000000.jpg,23,0002_0000313
trainset/0002/0002_0000324/0002_0000324_script.jpg,24,0002_0000324
trainset/0003/0003_0000329/0000000.jpg,25,0003_0000329
trainset/0003/0003_0000339/0000000.jpg,26,0003_0000339
trainset/0003/0003_0000343/0000000.jpg,27,0003_0000343
trainset/0003/0003_0000344/0000000.jpg,28,0003_0000344
trainset/0003/0003_0000345/0000000.jpg,29,0003_0000345
trainset/0003/0003_0000347/0000000.jpg,30,0003_0000347
trainset/0003/0003_0000348/0000005.jpg,31,0003_0000348
trainset/0003/0003_0000353/0000007.jpg,32,0003_0000353
trainset/0003/0003_0000354/0000002.jpg,33,0003_0000354
trainset/0003/0003_0000356/0000002.jpg,34,0003_0000356
trainset/0003/0003_0000359/0000000.jpg,35,0003_0000359
trainset/0003/0003_0000360/0000008.jpg,36,0003_0000360
trainset/0003/0003_0000361/0003_0000361_script.jpg,37,0003_0000361
trainset/0003/0003_0000362/0000004.jpg,38,0003_0000362
trainset/0003/0003_0000371/0000001.jpg,39,0003_0000371
trainset/0003/0003_0000372/0000000.jpg,40,0003_0000372
trainset/0003/0003_0000375/0000000.jpg,41,0003_0000375
trainset/0003/0003_0000386/0000001.jpg,42,0003_0000386
trainset/0003/0003_0000390/0003_0000390_script.jpg,43,0003_0000390
trainset/0003/0003_0000392/0000007.jpg,44,0003_0000392
trainset/0005/0005_0000437/0000000.jpg,45,0005_0000437
trainset/0005/0005_0000439/0000003.jpg,46,0005_0000439
trainset/0005/0005_0000449/0005_0000449_script.jpg,47,0005_0000449
trainset/0005/0005_0000450/0000004.jpg,48,0005_0000450
trainset/0005/0005_0000451/0000006.jpg,49,0005_0000451
trainset/0005/0005_0000452/0000000.jpg,50,0005_0000452
trainset/0005/0005_0000455/0000006.jpg,51,0005_0000455
trainset/0005/0005_0000463/0000000.jpg,52,0005_0000463
trainset/0005/0005_0000464/0000000.jpg,53,0005_0000464
trainset/0005/0005_0000475/0000002.jpg,54,0005_0000475
trainset/0005/0005_0000478/0005_0000478_script.jpg,55,0005_0000478
trainset/0005/0005_0000486/0000001.jpg,56,0005_0000486
trainset/0005/0005_0000487/0000000.jpg,57,0005_0000487
trainset/0005/0005_0000497/0000001.jpg,58,0005_0000497
trainset/0005/0005_0000503/0000001.jpg,59,0005_0000503
trainset/0005/0005_0000509/0000002.jpg,60,0005_0000509
trainset/0005/0005_0000510/0000000.jpg,61,0005_0000510
trainset/0005/0005_0000512/0000006.jpg,62,0005_0000512
trainset/0005/0005_0000513/0000000.jpg,63,0005_0000513
trainset/0005/0005_0000516/0005_0000516_script.jpg,64,0005_0000516
trainset/0005/0005_0000519/0000003.jpg,65,0005_0000519
trainset/0005/0005_0000525/0000000.jpg,66,0005_0000525
trainset/0005/0005_0000530/0000002.jpg,67,0005_0000530
trainset/0005/0005_0000532/0000004.jpg,68,0005_0000532
trainset/0005/0005_0000536/0000003.jpg,69,0005_0000536
trainset/0005/0005_0000537/0000000.jpg,70,0005_0000537
trainset/0005/0005_0000542/0000010.jpg,71,0005_0000542
trainset/0006/0006_0000580/0006_0000580_script.jpg,72,0006_0000580
trainset/0006/0006_0000546/0006_0000546_script.jpg,73,0006_0000546
trainset/0006/0006_0000549/0000011.jpg,74,0006_0000549
trainset/0006/0006_0000550/0000011.jpg,75,0006_0000550
trainset/0006/0006_0000557/0000000.jpg,76,0006_0000557
trainset/0006/0006_0000558/0000002.jpg,77,0006_0000558
trainset/0006/0006_0000562/0000005.jpg,78,0006_0000562
trainset/0006/0006_0000563/0000007.jpg,79,0006_0000563
trainset/0006/0006_0000564/0000003.jpg,80,0006_0000564
trainset/0006/0006_0000565/0000005.jpg,81,0006_0000565
trainset/0006/0006_0000566/0006_0000566_script.jpg,82,0006_0000566
trainset/0006/0006_0000567/0000001.jpg,83,0006_0000567
trainset/0006/0006_0000568/0006_0000568_script.jpg,84,0006_0000568
trainset/0006/0006_0000570/0000004.jpg,85,0006_0000570
trainset/0006/0006_0000571/0000008.jpg,86,0006_0000571
trainset/0006/0006_0000575/0000005.jpg,87,0006_0000575
trainset/0006/0006_0000576/0000005.jpg,88,0006_0000576
trainset/0006/0006_0000577/0000011.jpg,89,0006_0000577
trainset/0006/0006_0000582/0000001.jpg,90,0006_0000582
trainset/0006/0006_0000584/0000004.jpg,91,0006_0000584
trainset/0006/0006_0000588/0000008.jpg,92,0006_0000588
trainset/0006/0006_0000592/0000005.jpg,93,0006_0000592
trainset/0006/0006_0000595/0000009.jpg,94,0006_0000595
trainset/0006/0006_0000599/0000008.jpg,95,0006_0000599
trainset/0006/0006_0000600/0006_0000600_script.jpg,96,0006_0000600
trainset/0006/0006_0000601/0000004.jpg,97,0006_0000601
trainset/0006/0006_0000602/0000001.jpg,98,0006_0000602
trainset/0006/0006_0000603/0000000.jpg,99,0006_0000603
trainset/0006/0006_0000606/0000007.jpg,100,0006_0000606
trainset/0006/0006_0000610/0000000.jpg,101,0006_0000610
trainset/0006/0006_0000613/0000010.jpg,102,0006_0000613
trainset/0006/0006_0000615/0000000.jpg,103,0006_0000615
trainset/0006/0006_0000619/0000001.jpg,104,0006_0000619
trainset/0006/0006_0000620/0000000.jpg,105,0006_0000620
trainset/0006/0006_0000621/0000007.jpg,106,0006_0000621
trainset/0006/0006_0000625/0000001.jpg,107,0006_0000625
trainset/0006/0006_0000626/0006_0000626_script.jpg,108,0006_0000626
trainset/0006/0006_0000630/0000001.jpg,109,0006_0000630
trainset/0006/0006_0000631/0000008.jpg,110,0006_0000631
trainset/0006/0006_0000635/0000009.jpg,111,0006_0000635
trainset/0006/0006_0000636/0000005.jpg,112,0006_0000636
trainset/0006/0006_0000637/0000005.jpg,113,0006_0000637
trainset/0007/0007_0000643/0000000.jpg,114,0007_0000643
trainset/0007/0007_0000644/0000000.jpg,115,0007_0000644
trainset/0007/0007_0000645/0000006.jpg,116,0007_0000645
trainset/0007/0007_0000646/0000000.jpg,117,0007_0000646
trainset/0007/0007_0000647/0000005.jpg,118,0007_0000647
trainset/0007/0007_0000648/0000001.jpg,119,0007_0000648
trainset/0007/0007_0000649/0000005.jpg,120,0007_0000649
trainset/0007/0007_0000650/0000000.jpg,121,0007_0000650
trainset/0007/0007_0000655/0000000.jpg,122,0007_0000655
trainset/0007/0007_0000658/0000001.jpg,123,0007_0000658
trainset/0007/0007_0000660/0000000.jpg,124,0007_0000660
trainset/0007/0007_0000661/0000001.jpg,125,0007_0000661
trainset/0007/0007_0000662/0000000.jpg,126,0007_0000662
trainset/0007/0007_0000665/0000000.jpg,127,0007_0000665
trainset/0007/0007_0000666/0000000.jpg,128,0007_0000666
trainset/0007/0007_0000667/0000003.jpg,129,0007_0000667
trainset/0007/0007_0000671/0000000.jpg,130,0007_0000671
trainset/0007/0007_0000674/0000004.jpg,131,0007_0000674
trainset/0007/0007_0000675/0000001.jpg,132,0007_0000675
trainset/0007/0007_0000676/0000006.jpg,133,0007_0000676
trainset/0007/0007_0000677/0000007.jpg,134,0007_0000677
trainset/0007/0007_0000678/0000009.jpg,135,0007_0000678
trainset/0007/0007_0000679/0000001.jpg,136,0007_0000679
trainset/0007/0007_0000682/0000000.jpg,137,0007_0000682
trainset/0007/0007_0000685/0000000.jpg,138,0007_0000685
trainset/0007/0007_0000686/0000000.jpg,139,0007_0000686
trainset/0007/0007_0000688/0000000.jpg,140,0007_0000688
trainset/0007/0007_0000689/0000001.jpg,141,0007_0000689
trainset/0007/0007_0000691/0000006.jpg,142,0007_0000691
trainset/0007/0007_0000692/0000000.jpg,143,0007_0000692
trainset/0007/0007_0000693/0000002.jpg,144,0007_0000693
trainset/0007/0007_0000694/0000005.jpg,145,0007_0000694
trainset/0007/0007_0000701/0000004.jpg,146,0007_0000701
trainset/0007/0007_0000703/0000004.jpg,147,0007_0000703
trainset/0007/0007_0000705/0000001.jpg,148,0007_0000705
trainset/0007/0007_0000708/0000004.jpg,149,0007_0000708
trainset/0007/0007_0000710/0000005.jpg,150,0007_0000710
trainset/0007/0007_0000711/0000000.jpg,151,0007_0000711
trainset/0007/0007_0000712/0000000.jpg,152,0007_0000712
trainset/0007/0007_0000713/0000000.jpg,153,0007_0000713
trainset/0007/0007_0000717/0000001.jpg,154,0007_0000717
trainset/0007/0007_0000719/0000000.jpg,155,0007_0000719
trainset/0007/0007_0000720/0000000.jpg,156,0007_0000720
trainset/0007/0007_0000721/0000000.jpg,157,0007_0000721
trainset/0007/0007_0000723/0000004.jpg,158,0007_0000723
trainset/0007/0007_0000724/0000001.jpg,159,0007_0000724
trainset/0007/0007_0000725/0000011.jpg,160,0007_0000725
trainset/0007/0007_0000726/0000003.jpg,161,0007_0000726
trainset/0007/0007_0000727/0000000.jpg,162,0007_0000727
trainset/0007/0007_0000730/0000001.jpg,163,0007_0000730
trainset/0007/0007_0000731/0000000.jpg,164,0007_0000731
trainset/0007/0007_0000733/0000000.jpg,165,0007_0000733
trainset/0007/0007_0000734/0000000.jpg,166,0007_0000734
trainset/0007/0007_0000735/0000000.jpg,167,0007_0000735
trainset/0007/0007_0000736/0000000.jpg,168,0007_0000736
trainset/0007/0007_0000737/0000000.jpg,169,0007_0000737
trainset/0007/0007_0000738/0000001.jpg,170,0007_0000738
trainset/0007/0007_0000741/0000000.jpg,171,0007_0000741
trainset/0007/0007_0000743/0007_0000743_script.jpg,172,0007_0000743
trainset/0007/0007_0000744/0000000.jpg,173,0007_0000744
trainset/0007/0007_0000745/0000000.jpg,174,0007_0000745
trainset/0007/0007_0000746/0000000.jpg,175,0007_0000746
trainset/0007/0007_0000747/0007_0000747_script.jpg,176,0007_0000747
trainset/0007/0007_0000748/0000000.jpg,177,0007_0000748
trainset/0007/0007_0000751/0000000.jpg,178,0007_0000751
trainset/0007/0007_0000752/0000000.jpg,179,0007_0000752
trainset/0007/0007_0000757/0000004.jpg,180,0007_0000757
trainset/0007/0007_0000758/0000001.jpg,181,0007_0000758
trainset/0007/0007_0000672/0007_0000672_script.jpg,182,0007_0000672
trainset/0007/0007_0000704/0000003.jpg,183,0007_0000704
trainset/0007/0007_0000732/0000005.jpg,184,0007_0000732
trainset/0007/0007_0000759/0000004.jpg,185,0007_0000759
trainset/0007/0007_0000788/0000000.jpg,186,0007_0000788
trainset/0007/0007_0000817/0000001.jpg,187,0007_0000817
trainset/0007/0007_0000852/0000001.jpg,188,0007_0000852
trainset/0007/0007_0000879/0000002.jpg,189,0007_0000879
trainset/0007/0007_0000910/0000003.jpg,190,0007_0000910
trainset/0007/0007_0000940/0000000.jpg,191,0007_0000940
trainset/0007/0007_0000969/0000004.jpg,192,0007_0000969
trainset/0007/0007_0001001/0000000.jpg,193,0007_0001001
trainset/0007/0007_0001034/0000000.jpg,194,0007_0001034
trainset/0007/0007_0001066/0000000.jpg,195,0007_0001066
trainset/0007/0007_0001092/0000000.jpg,196,0007_0001092
trainset/0007/0007_0001124/0000000.jpg,197,0007_0001124
trainset/0007/0007_0001151/0000004.jpg,198,0007_0001151
trainset/0007/0007_0001174/0000000.jpg,199,0007_0001174
trainset/0007/0007_0001207/0000000.jpg,200,0007_0001207
trainset/0007/0007_0001242/0000007.jpg,201,0007_0001242
trainset/0007/0007_0001270/0000000.jpg,202,0007_0001270
trainset/0007/0007_0001302/0000000.jpg,203,0007_0001302
trainset/0007/0007_0001328/0000008.jpg,204,0007_0001328
trainset/0007/0007_0001356/0000000.jpg,205,0007_0001356
trainset/0007/0007_0001391/0000000.jpg,206,0007_0001391
trainset/0007/0007_0000760/0000000.jpg,207,0007_0000760
trainset/0007/0007_0000761/0000005.jpg,208,0007_0000761
trainset/0007/0007_0000762/0000001.jpg,209,0007_0000762
trainset/0007/0007_0000763/0000000.jpg,210,0007_0000763
trainset/0007/0007_0000764/0000000.jpg,211,0007_0000764
trainset/0007/0007_0000766/0007_0000766_script.jpg,212,0007_0000766
trainset/0007/0007_0000771/0000008.jpg,213,0007_0000771
trainset/0007/0007_0000773/0000009.jpg,214,0007_0000773
trainset/0007/0007_0000774/0000000.jpg,215,0007_0000774
trainset/0007/0007_0000776/0000000.jpg,216,0007_0000776
trainset/0007/0007_0000777/0000000.jpg,217,0007_0000777
trainset/0007/0007_0000779/0000001.jpg,218,0007_0000779
trainset/0007/0007_0000780/0000006.jpg,219,0007_0000780
trainset/0007/0007_0000781/0000000.jpg,220,0007_0000781
trainset/0007/0007_0000783/0000000.jpg,221,0007_0000783
trainset/0007/0007_0000786/0000000.jpg,222,0007_0000786
trainset/0007/0007_0000787/0000000.jpg,223,0007_0000787
trainset/0007/0007_0000789/0000000.jpg,224,0007_0000789
trainset/0007/0007_0000791/0000000.jpg,225,0007_0000791
trainset/0007/0007_0000792/0000000.jpg,226,0007_0000792
trainset/0007/0007_0000794/0000002.jpg,227,0007_0000794
trainset/0007/0007_0000795/0000000.jpg,228,0007_0000795
trainset/0007/0007_0000796/0000001.jpg,229,0007_0000796
trainset/0007/0007_0000799/0000000.jpg,230,0007_0000799
trainset/0007/0007_0000802/0000001.jpg,231,0007_0000802
trainset/0007/0007_0000803/0000004.jpg,232,0007_0000803
trainset/0007/0007_0000804/0000001.jpg,233,0007_0000804
trainset/0007/0007_0000805/0000010.jpg,234,0007_0000805
trainset/0007/0007_0000806/0000003.jpg,235,0007_0000806
trainset/0007/0007_0000807/0000001.jpg,236,0007_0000807
trainset/0007/0007_0000808/0000000.jpg,237,0007_0000808
trainset/0007/0007_0000809/0000001.jpg,238,0007_0000809
trainset/0007/0007_0000815/0000006.jpg,239,0007_0000815
trainset/0007/0007_0000816/0000000.jpg,240,0007_0000816
trainset/0007/0007_0000819/0000000.jpg,241,0007_0000819
trainset/0007/0007_0000822/0000002.jpg,242,0007_0000822
trainset/0007/0007_0000823/0000004.jpg,243,0007_0000823
trainset/0007/0007_0000825/0000000.jpg,244,0007_0000825
trainset/0007/0007_0000826/0000000.jpg,245,0007_0000826
trainset/0007/0007_0000827/0000000.jpg,246,0007_0000827
trainset/0007/0007_0000833/0000000.jpg,247,0007_0000833
trainset/0007/0007_0000835/0000000.jpg,248,0007_0000835
trainset/0007/0007_0000836/0000000.jpg,249,0007_0000836
trainset/0007/0007_0000837/0000000.jpg,250,0007_0000837
trainset/0007/0007_0000838/0000000.jpg,251,0007_0000838
trainset/0007/0007_0000839/0000000.jpg,252,0007_0000839
trainset/0007/0007_0000840/0000001.jpg,253,0007_0000840
trainset/0007/0007_0000842/0000006.jpg,254,0007_0000842
trainset/0007/0007_0000843/0000000.jpg,255,0007_0000843
trainset/0007/0007_0000849/0000001.jpg,256,0007_0000849
trainset/0007/0007_0000851/0000005.jpg,257,0007_0000851
trainset/0007/0007_0000853/0000001.jpg,258,0007_0000853
trainset/0007/0007_0000854/0000001.jpg,259,0007_0000854
trainset/0007/0007_0000855/0000008.jpg,260,0007_0000855
trainset/0007/0007_0000856/0000004.jpg,261,0007_0000856
trainset/0007/0007_0000857/0000000.jpg,262,0007_0000857
trainset/0007/0007_0000858/0000002.jpg,263,0007_0000858
trainset/0007/0007_0000863/0000002.jpg,264,0007_0000863
trainset/0007/0007_0000865/0000000.jpg,265,0007_0000865
trainset/0007/0007_0000866/0000000.jpg,266,0007_0000866
trainset/0007/0007_0000867/0007_0000867_script.jpg,267,0007_0000867
trainset/0007/0007_0000868/0000004.jpg,268,0007_0000868
trainset/0007/0007_0000869/0007_0000869_script.jpg,269,0007_0000869
trainset/0007/0007_0000871/0000002.jpg,270,0007_0000871
trainset/0007/0007_0000872/0000000.jpg,271,0007_0000872
trainset/0007/0007_0000873/0000000.jpg,272,0007_0000873
trainset/0007/0007_0000876/0000000.jpg,273,0007_0000876
trainset/0007/0007_0000878/0000001.jpg,274,0007_0000878
trainset/0007/0007_0000880/0000002.jpg,275,0007_0000880
trainset/0007/0007_0000881/0000001.jpg,276,0007_0000881
trainset/0007/0007_0000882/0000001.jpg,277,0007_0000882
trainset/0007/0007_0000883/0007_0000883_script.jpg,278,0007_0000883
trainset/0007/0007_0000884/0000008.jpg,279,0007_0000884
trainset/0007/0007_0000886/0000003.jpg,280,0007_0000886
trainset/0007/0007_0000889/0000000.jpg,281,0007_0000889
trainset/0007/0007_0000890/0000000.jpg,282,0007_0000890
trainset/0007/0007_0000893/0000000.jpg,283,0007_0000893
trainset/0007/0007_0000894/0000000.jpg,284,0007_0000894
trainset/0007/0007_0000895/0000001.jpg,285,0007_0000895
trainset/0007/0007_0000896/0000001.jpg,286,0007_0000896
trainset/0007/0007_0000898/0000006.jpg,287,0007_0000898
trainset/0007/0007_0000901/0000001.jpg,288,0007_0000901
trainset/0007/0007_0000906/0000001.jpg,289,0007_0000906
trainset/0007/0007_0000907/0000002.jpg,290,0007_0000907
trainset/0007/0007_0000908/0000000.jpg,291,0007_0000908
trainset/0007/0007_0000912/0000000.jpg,292,0007_0000912
trainset/0007/0007_0000913/0000001.jpg,293,0007_0000913
trainset/0007/0007_0000916/0000000.jpg,294,0007_0000916
trainset/0007/0007_0000917/0000001.jpg,295,0007_0000917
trainset/0007/0007_0000921/0000006.jpg,296,0007_0000921
trainset/0007/0007_0000922/0000003.jpg,297,0007_0000922
trainset/0007/0007_0000923/0000000.jpg,298,0007_0000923
trainset/0007/0007_0000924/0000000.jpg,299,0007_0000924
trainset/0007/0007_0000925/0000004.jpg,300,0007_0000925
trainset/0007/0007_0000927/0000000.jpg,301,0007_0000927
trainset/0007/0007_0000928/0000001.jpg,302,0007_0000928
trainset/0007/0007_0000932/0000000.jpg,303,0007_0000932
trainset/0007/0007_0000935/0000000.jpg,304,0007_0000935
trainset/0007/0007_0000936/0000001.jpg,305,0007_0000936
trainset/0007/0007_0000937/0000003.jpg,306,0007_0000937
trainset/0007/0007_0000938/0000004.jpg,307,0007_0000938
trainset/0007/0007_0000939/0000002.jpg,308,0007_0000939
trainset/0007/0007_0000941/0000000.jpg,309,0007_0000941
trainset/0007/0007_0000942/0000004.jpg,310,0007_0000942
trainset/0007/0007_0000943/0000001.jpg,311,0007_0000943
trainset/0007/0007_0000946/0000001.jpg,312,0007_0000946
trainset/0007/0007_0000948/0000000.jpg,313,0007_0000948
trainset/0007/0007_0000949/0000004.jpg,314,0007_0000949
trainset/0007/0007_0000951/0000000.jpg,315,0007_0000951
trainset/0007/0007_0000953/0000000.jpg,316,0007_0000953
trainset/0007/0007_0000955/0000001.jpg,317,0007_0000955
trainset/0007/0007_0000956/0000001.jpg,318,0007_0000956
trainset/0007/0007_0000959/0000001.jpg,319,0007_0000959
trainset/0007/0007_0000960/0000000.jpg,320,0007_0000960
trainset/0007/0007_0000963/0000000.jpg,321,0007_0000963
trainset/0007/0007_0000964/0000001.jpg,322,0007_0000964
trainset/0007/0007_0000965/0000000.jpg,323,0007_0000965
trainset/0007/0007_0000967/0000000.jpg,324,0007_0000967
trainset/0007/0007_0000968/0000000.jpg,325,0007_0000968
trainset/0007/0007_0000970/0000002.jpg,326,0007_0000970
trainset/0007/0007_0000972/0000000.jpg,327,0007_0000972
trainset/0007/0007_0000974/0000000.jpg,328,0007_0000974
trainset/0007/0007_0000977/0000004.jpg,329,0007_0000977
trainset/0007/0007_0000978/0000000.jpg,330,0007_0000978
trainset/0007/0007_0000979/0000000.jpg,331,0007_0000979
trainset/0007/0007_0000980/0000000.jpg,332,0007_0000980
trainset/0007/0007_0000981/0000002.jpg,333,0007_0000981
trainset/0007/0007_0000982/0000001.jpg,334,0007_0000982
trainset/0007/0007_0000985/0000000.jpg,335,0007_0000985
trainset/0007/0007_0000986/0000000.jpg,336,0007_0000986
trainset/0007/0007_0000988/0000000.jpg,337,0007_0000988
trainset/0007/0007_0000993/0000001.jpg,338,0007_0000993
trainset/0007/0007_0000994/0000000.jpg,339,0007_0000994
trainset/0007/0007_0000996/0000000.jpg,340,0007_0000996
trainset/0007/0007_0000998/0000000.jpg,341,0007_0000998
trainset/0007/0007_0000999/0000001.jpg,342,0007_0000999
trainset/0007/0007_0001004/0000000.jpg,343,0007_0001004
trainset/0007/0007_0001005/0000000.jpg,344,0007_0001005
trainset/0007/0007_0001006/0000000.jpg,345,0007_0001006
trainset/0007/0007_0001011/0000000.jpg,346,0007_0001011
trainset/0007/0007_0001012/0000001.jpg,347,0007_0001012
trainset/0007/0007_0001013/0000011.jpg,348,0007_0001013
trainset/0007/0007_0001014/0000000.jpg,349,0007_0001014
trainset/0007/0007_0001015/0000001.jpg,350,0007_0001015
trainset/0007/0007_0001017/0000002.jpg,351,0007_0001017
trainset/0007/0007_0001018/0000004.jpg,352,0007_0001018
trainset/0007/0007_0001019/0000000.jpg,353,0007_0001019
trainset/0007/0007_0001021/0000001.jpg,354,0007_0001021
trainset/0007/0007_0001028/0000001.jpg,355,0007_0001028
trainset/0007/0007_0001029/0000000.jpg,356,0007_0001029
trainset/0007/0007_0001031/0000007.jpg,357,0007_0001031
trainset/0007/0007_0001032/0000000.jpg,358,0007_0001032
trainset/0007/0007_0001033/0000006.jpg,359,0007_0001033
trainset/0007/0007_0001035/0000004.jpg,360,0007_0001035
trainset/0007/0007_0001036/0000000.jpg,361,0007_0001036
trainset/0007/0007_0001039/0000000.jpg,362,0007_0001039
trainset/0007/0007_0001043/0000001.jpg,363,0007_0001043
trainset/0007/0007_0001045/0000000.jpg,364,0007_0001045
trainset/0007/0007_0001046/0000004.jpg,365,0007_0001046
trainset/0007/0007_0001048/0000001.jpg,366,0007_0001048
trainset/0007/0007_0001050/0000000.jpg,367,0007_0001050
trainset/0007/0007_0001051/0000000.jpg,368,0007_0001051
trainset/0007/0007_0001052/0000001.jpg,369,0007_0001052
trainset/0007/0007_0001053/0000001.jpg,370,0007_0001053
trainset/0007/0007_0001054/0000001.jpg,371,0007_0001054
trainset/0007/0007_0001059/0000005.jpg,372,0007_0001059
trainset/0007/0007_0001060/0000001.jpg,373,0007_0001060
trainset/0007/0007_0001061/0000000.jpg,374,0007_0001061
trainset/0007/0007_0001063/0000002.jpg,375,0007_0001063
trainset/0007/0007_0001064/0000004.jpg,376,0007_0001064
trainset/0007/0007_0001068/0000000.jpg,377,0007_0001068
trainset/0007/0007_0001069/0000003.jpg,378,0007_0001069
trainset/0007/0007_0001070/0000000.jpg,379,0007_0001070
trainset/0007/0007_0001073/0000000.jpg,380,0007_0001073
trainset/0007/0007_0001075/0000001.jpg,381,0007_0001075
trainset/0007/0007_0001076/0000000.jpg,382,0007_0001076
trainset/0007/0007_0001077/0000000.jpg,383,0007_0001077
trainset/0007/0007_0001078/0000006.jpg,384,0007_0001078
trainset/0007/0007_0001079/0000000.jpg,385,0007_0001079
trainset/0007/0007_0001080/0000000.jpg,386,0007_0001080
trainset/0007/0007_0001082/0000003.jpg,387,0007_0001082
trainset/0007/0007_0001083/0000000.jpg,388,0007_0001083
trainset/0007/0007_0001086/0000000.jpg,389,0007_0001086
trainset/0007/0007_0001087/0000010.jpg,390,0007_0001087
trainset/0007/0007_0001088/0000002.jpg,391,0007_0001088
trainset/0007/0007_0001089/0000008.jpg,392,0007_0001089
trainset/0007/0007_0001091/0000005.jpg,393,0007_0001091
trainset/0007/0007_0001093/0000000.jpg,394,0007_0001093
trainset/0007/0007_0001098/0000000.jpg,395,0007_0001098
trainset/0007/0007_0001100/0000000.jpg,396,0007_0001100
trainset/0007/0007_0001104/0000001.jpg,397,0007_0001104
trainset/0007/0007_0001105/0000000.jpg,398,0007_0001105
trainset/0007/0007_0001107/0000008.jpg,399,0007_0001107
trainset/0007/0007_0001108/0000000.jpg,400,0007_0001108
trainset/0007/0007_0001110/0000004.jpg,401,0007_0001110
trainset/0007/0007_0001111/0000000.jpg,402,0007_0001111
trainset/0007/0007_0001112/0000000.jpg,403,0007_0001112
trainset/0007/0007_0001113/0000000.jpg,404,0007_0001113
trainset/0007/0007_0001115/0000000.jpg,405,0007_0001115
trainset/0007/0007_0001118/0000001.jpg,406,0007_0001118
trainset/0007/0007_0001119/0000001.jpg,407,0007_0001119
trainset/0007/0007_0001121/0000000.jpg,408,0007_0001121
trainset/0007/0007_0001122/0000001.jpg,409,0007_0001122
trainset/0007/0007_0001123/0000003.jpg,410,0007_0001123
trainset/0007/0007_0001125/0000000.jpg,411,0007_0001125
trainset/0007/0007_0001126/0000000.jpg,412,0007_0001126
trainset/0007/0007_0001127/0000000.jpg,413,0007_0001127
trainset/0007/0007_0001130/0000001.jpg,414,0007_0001130
trainset/0007/0007_0001131/0000000.jpg,415,0007_0001131
trainset/0007/0007_0001132/0000000.jpg,416,0007_0001132
trainset/0007/0007_0001134/0000000.jpg,417,0007_0001134
trainset/0007/0007_0001135/0000001.jpg,418,0007_0001135
trainset/0007/0007_0001136/0000004.jpg,419,0007_0001136
trainset/0007/0007_0001137/0000000.jpg,420,0007_0001137
trainset/0007/0007_0001138/0000000.jpg,421,0007_0001138
trainset/0007/0007_0001139/0000009.jpg,422,0007_0001139
trainset/0007/0007_0001143/0000000.jpg,423,0007_0001143
trainset/0007/0007_0001144/0000000.jpg,424,0007_0001144
trainset/0007/0007_0001145/0000000.jpg,425,0007_0001145
trainset/0007/0007_0001146/0000004.jpg,426,0007_0001146
trainset/0007/0007_0001149/0000001.jpg,427,0007_0001149
trainset/0007/0007_0001152/0000000.jpg,428,0007_0001152
trainset/0007/0007_0001153/0000000.jpg,429,0007_0001153
trainset/0007/0007_0001154/0000004.jpg,430,0007_0001154
trainset/0007/0007_0001157/0007_0001157_script.jpg,431,0007_0001157
trainset/0007/0007_0001158/0000000.jpg,432,0007_0001158
trainset/0007/0007_0001159/0000001.jpg,433,0007_0001159
trainset/0007/0007_0001160/0000004.jpg,434,0007_0001160
trainset/0007/0007_0001161/0000002.jpg,435,0007_0001161
trainset/0007/0007_0001162/0000009.jpg,436,0007_0001162
trainset/0007/0007_0001164/0000000.jpg,437,0007_0001164
trainset/0007/0007_0001165/0000001.jpg,438,0007_0001165
trainset/0007/0007_0001168/0000001.jpg,439,0007_0001168
trainset/0007/0007_0001169/0000000.jpg,440,0007_0001169
trainset/0007/0007_0001170/0000000.jpg,441,0007_0001170
trainset/0007/0007_0001171/0000000.jpg,442,0007_0001171
trainset/0007/0007_0001172/0000001.jpg,443,0007_0001172
trainset/0007/0007_0001173/0000005.jpg,444,0007_0001173
trainset/0007/0007_0001175/0000006.jpg,445,0007_0001175
trainset/0007/0007_0001176/0000000.jpg,446,0007_0001176
trainset/0007/0007_0001179/0000009.jpg,447,0007_0001179
trainset/0007/0007_0001181/0000001.jpg,448,0007_0001181
trainset/0007/0007_0001182/0000001.jpg,449,0007_0001182
trainset/0007/0007_0001184/0000000.jpg,450,0007_0001184
trainset/0007/0007_0001185/0000005.jpg,451,0007_0001185
trainset/0007/0007_0001187/0000000.jpg,452,0007_0001187
trainset/0007/0007_0001188/0000003.jpg,453,0007_0001188
trainset/0007/0007_0001189/0000001.jpg,454,0007_0001189
trainset/0007/0007_0001193/0000001.jpg,455,0007_0001193
trainset/0007/0007_0001195/0000000.jpg,456,0007_0001195
trainset/0007/0007_0001196/0000000.jpg,457,0007_0001196
trainset/0007/0007_0001197/0007_0001197_script.jpg,458,0007_0001197
trainset/0007/0007_0001200/0000007.jpg,459,0007_0001200
trainset/0007/0007_0001201/0000000.jpg,460,0007_0001201
trainset/0007/0007_0001204/0000007.jpg,461,0007_0001204
trainset/0007/0007_0001211/0000000.jpg,462,0007_0001211
trainset/0007/0007_0001214/0000000.jpg,463,0007_0001214
trainset/0007/0007_0001215/0000000.jpg,464,0007_0001215
trainset/0007/0007_0001216/0000000.jpg,465,0007_0001216
trainset/0007/0007_0001218/0000000.jpg,466,0007_0001218
trainset/0007/0007_0001220/0000006.jpg,467,0007_0001220
trainset/0007/0007_0001221/0000007.jpg,468,0007_0001221
trainset/0007/0007_0001222/0000004.jpg,469,0007_0001222
trainset/0007/0007_0001223/0000000.jpg,470,0007_0001223
trainset/0007/0007_0001229/0000006.jpg,471,0007_0001229
trainset/0007/0007_0001230/0007_0001230_script.jpg,472,0007_0001230
trainset/0007/0007_0001231/0000000.jpg,473,0007_0001231
trainset/0007/0007_0001233/0000001.jpg,474,0007_0001233
trainset/0007/0007_0001238/0000005.jpg,475,0007_0001238
trainset/0007/0007_0001239/0000001.jpg,476,0007_0001239
trainset/0007/0007_0001240/0000000.jpg,477,0007_0001240
trainset/0007/0007_0001241/0000000.jpg,478,0007_0001241
trainset/0007/0007_0001246/0000005.jpg,479,0007_0001246
trainset/0007/0007_0001248/0000000.jpg,480,0007_0001248
trainset/0007/0007_0001249/0000005.jpg,481,0007_0001249
trainset/0007/0007_0001250/0000001.jpg,482,0007_0001250
trainset/0007/0007_0001252/0000003.jpg,483,0007_0001252
trainset/0007/0007_0001253/0000000.jpg,484,0007_0001253
trainset/0007/0007_0001254/0000006.jpg,485,0007_0001254
trainset/0007/0007_0001255/0000000.jpg,486,0007_0001255
trainset/0007/0007_0001256/0000003.jpg,487,0007_0001256
trainset/0007/0007_0001259/0000000.jpg,488,0007_0001259
trainset/0007/0007_0001260/0000000.jpg,489,0007_0001260
trainset/0007/0007_0001262/0000000.jpg,490,0007_0001262
trainset/0007/0007_0001264/0000000.jpg,491,0007_0001264
trainset/0007/0007_0001266/0000000.jpg,492,0007_0001266
trainset/0007/0007_0001267/0000011.jpg,493,0007_0001267
trainset/0007/0007_0001268/0000000.jpg,494,0007_0001268
trainset/0007/0007_0001269/0000007.jpg,495,0007_0001269
trainset/0007/0007_0001275/0000005.jpg,496,0007_0001275
trainset/0007/0007_0001278/0000003.jpg,497,0007_0001278
trainset/0007/0007_0001279/0000000.jpg,498,0007_0001279
trainset/0007/0007_0001280/0007_0001280_script.jpg,499,0007_0001280
trainset/0007/0007_0001281/0000000.jpg,500,0007_0001281
trainset/0007/0007_0001282/0000000.jpg,501,0007_0001282
trainset/0007/0007_0001283/0000000.jpg,502,0007_0001283
trainset/0007/0007_0001284/0000001.jpg,503,0007_0001284
trainset/0007/0007_0001285/0000000.jpg,504,0007_0001285
trainset/0007/0007_0001288/0000000.jpg,505,0007_0001288
trainset/0007/0007_0001289/0000001.jpg,506,0007_0001289
trainset/0007/0007_0001290/0000000.jpg,507,0007_0001290
trainset/0007/0007_0001291/0000000.jpg,508,0007_0001291
trainset/0007/0007_0001293/0000000.jpg,509,0007_0001293
trainset/0007/0007_0001296/0000001.jpg,510,0007_0001296
trainset/0007/0007_0001297/0000000.jpg,511,0007_0001297
trainset/0007/0007_0001298/0000000.jpg,512,0007_0001298
trainset/0007/0007_0001303/0000000.jpg,513,0007_0001303
trainset/0007/0007_0001304/0000002.jpg,514,0007_0001304
trainset/0007/0007_0001305/0000000.jpg,515,0007_0001305
trainset/0007/0007_0001306/0000009.jpg,516,0007_0001306
trainset/0007/0007_0001307/0000000.jpg,517,0007_0001307
trainset/0007/0007_0001309/0000002.jpg,518,0007_0001309
trainset/0007/0007_0001310/0000000.jpg,519,0007_0001310
trainset/0007/0007_0001312/0000000.jpg,520,0007_0001312
trainset/0007/0007_0001315/0000001.jpg,521,0007_0001315
trainset/0007/0007_0001317/0000000.jpg,522,0007_0001317
trainset/0007/0007_0001318/0000007.jpg,523,0007_0001318
trainset/0007/0007_0001319/0000000.jpg,524,0007_0001319
trainset/0007/0007_0001320/0000004.jpg,525,0007_0001320
trainset/0007/0007_0001321/0000000.jpg,526,0007_0001321
trainset/0007/0007_0001322/0000002.jpg,527,0007_0001322
trainset/0007/0007_0001323/0000000.jpg,528,0007_0001323
trainset/0007/0007_0001324/0000002.jpg,529,0007_0001324
trainset/0007/0007_0001329/0000005.jpg,530,0007_0001329
trainset/0007/0007_0001330/0000001.jpg,531,0007_0001330
trainset/0007/0007_0001331/0000009.jpg,532,0007_0001331
trainset/0007/0007_0001332/0000000.jpg,533,0007_0001332
trainset/0007/0007_0001333/0000000.jpg,534,0007_0001333
trainset/0007/0007_0001334/0000000.jpg,535,0007_0001334
trainset/0007/0007_0001337/0000001.jpg,536,0007_0001337
trainset/0007/0007_0001338/0000000.jpg,537,0007_0001338
trainset/0007/0007_0001342/0000001.jpg,538,0007_0001342
trainset/0007/0007_0001344/0000000.jpg,539,0007_0001344
trainset/0007/0007_0001345/0000000.jpg,540,0007_0001345
trainset/0007/0007_0001347/0000000.jpg,541,0007_0001347
trainset/0007/0007_0001348/0000000.jpg,542,0007_0001348
trainset/0007/0007_0001350/0000000.jpg,543,0007_0001350
trainset/0007/0007_0001351/0000001.jpg,544,0007_0001351
trainset/0007/0007_0001352/0000000.jpg,545,0007_0001352
trainset/0007/0007_0001353/0000000.jpg,546,0007_0001353
trainset/0007/0007_0001357/0000000.jpg,547,0007_0001357
trainset/0007/0007_0001358/0000000.jpg,548,0007_0001358
trainset/0007/0007_0001360/0000006.jpg,549,0007_0001360
trainset/0007/0007_0001361/0000000.jpg,550,0007_0001361
trainset/0007/0007_0001363/0000006.jpg,551,0007_0001363
trainset/0007/0007_0001364/0000004.jpg,552,0007_0001364
trainset/0007/0007_0001367/0000000.jpg,553,0007_0001367
trainset/0007/0007_0001368/0000001.jpg,554,0007_0001368
trainset/0007/0007_0001374/0000000.jpg,555,0007_0001374
trainset/0007/0007_0001375/0000000.jpg,556,0007_0001375
trainset/0007/0007_0001376/0000002.jpg,557,0007_0001376
trainset/0007/0007_0001377/0000003.jpg,558,0007_0001377
trainset/0007/0007_0001378/0000002.jpg,559,0007_0001378
trainset/0007/0007_0001379/0000000.jpg,560,0007_0001379
trainset/0007/0007_0001380/0000005.jpg,561,0007_0001380
trainset/0007/0007_0001383/0000006.jpg,562,0007_0001383
trainset/0007/0007_0001385/0000000.jpg,563,0007_0001385
trainset/0007/0007_0001392/0007_0001392_script.jpg,564,0007_0001392
trainset/0007/0007_0001393/0000000.jpg,565,0007_0001393
trainset/0007/0007_0001394/0000008.jpg,566,0007_0001394
trainset/0007/0007_0001395/0000000.jpg,567,0007_0001395
trainset/0007/0007_0001396/0000004.jpg,568,0007_0001396
trainset/0007/0007_0001397/0000000.jpg,569,0007_0001397
trainset/0007/0007_0001399/0000000.jpg,570,0007_0001399
trainset/0007/0007_0001401/0000009.jpg,571,0007_0001401
trainset/0007/0007_0001405/0000000.jpg,572,0007_0001405
trainset/0007/0007_0001406/0000000.jpg,573,0007_0001406
trainset/0007/0007_0001407/0000002.jpg,574,0007_0001407
trainset/0007/0007_0001408/0000005.jpg,575,0007_0001408
trainset/0007/0007_0001409/0000005.jpg,576,0007_0001409
trainset/0007/0007_0001410/0000000.jpg,577,0007_0001410
trainset/0007/0007_0001412/0000000.jpg,578,0007_0001412
trainset/0007/0007_0001413/0000001.jpg,579,0007_0001413
trainset/0007/0007_0001415/0000000.jpg,580,0007_0001415
trainset/0007/0007_0001418/0000011.jpg,581,0007_0001418
trainset/0007/0007_0001419/0000009.jpg,582,0007_0001419
trainset/0007/0007_0001420/0000005.jpg,583,0007_0001420
trainset/0007/0007_0001421/0007_0001421_script.jpg,584,0007_0001421
trainset/0007/0007_0001422/0000006.jpg,585,0007_0001422
trainset/0007/0007_0001423/0000001.jpg,586,0007_0001423
trainset/0007/0007_0001424/0000000.jpg,587,0007_0001424
trainset/0007/0007_0001425/0000004.jpg,588,0007_0001425
trainset/0007/0007_0001427/0000011.jpg,589,0007_0001427
trainset/0007/0007_0001432/0000000.jpg,590,0007_0001432
trainset/0007/0007_0001433/0000004.jpg,591,0007_0001433
trainset/0007/0007_0001434/0000001.jpg,592,0007_0001434
trainset/0007/0007_0001436/0000010.jpg,593,0007_0001436
trainset/0007/0007_0001437/0000000.jpg,594,0007_0001437
trainset/0007/0007_0001438/0000006.jpg,595,0007_0001438
trainset/0007/0007_0001441/0000000.jpg,596,0007_0001441
trainset/0007/0007_0001443/0000004.jpg,597,0007_0001443
trainset/0007/0007_0001444/0000006.jpg,598,0007_0001444
trainset/0008/0008_0001449/0000000.jpg,599,0008_0001449
trainset/0008/0008_0001461/0000001.jpg,600,0008_0001461
trainset/0008/0008_0001463/0008_0001463_script.jpg,601,0008_0001463
trainset/0008/0008_0001469/0000001.jpg,602,0008_0001469
trainset/0008/0008_0001502/0000010.jpg,603,0008_0001502
trainset/0008/0008_0001503/0000005.jpg,604,0008_0001503
trainset/0008/0008_0001524/0000000.jpg,605,0008_0001524
trainset/0009/0009_0001530/0000001.jpg,606,0009_0001530
trainset/0009/0009_0001532/0000006.jpg,607,0009_0001532
trainset/0009/0009_0001543/0000004.jpg,608,0009_0001543
trainset/0009/0009_0001545/0000000.jpg,609,0009_0001545
trainset/0009/0009_0001549/0000001.jpg,610,0009_0001549
trainset/0009/0009_0001552/0000000.jpg,611,0009_0001552
trainset/0009/0009_0001558/0000003.jpg,612,0009_0001558
trainset/0009/0009_0001561/0000003.jpg,613,0009_0001561
trainset/0009/0009_0001569/0000004.jpg,614,0009_0001569
trainset/0009/0009_0001570/0000000.jpg,615,0009_0001570
trainset/0009/0009_0001578/0000003.jpg,616,0009_0001578
trainset/0009/0009_0001581/0000007.jpg,617,0009_0001581
trainset/0009/0009_0001587/0000001.jpg,618,0009_0001587
trainset/0010/0010_0001593/0000007.jpg,619,0010_0001593
trainset/0010/0010_0001595/0010_0001595_script.jpg,620,0010_0001595
trainset/0010/0010_0001601/0000001.jpg,621,0010_0001601
trainset/0010/0010_0001605/0000001.jpg,622,0010_0001605
trainset/0010/0010_0001608/0000003.jpg,623,0010_0001608
trainset/0010/0010_0001613/0000001.jpg,624,0010_0001613
trainset/0010/0010_0001614/0000006.jpg,625,0010_0001614
trainset/0010/0010_0001619/0000000.jpg,626,0010_0001619
trainset/0010/0010_0001632/0000002.jpg,627,0010_0001632
trainset/0010/0010_0001633/0000004.jpg,628,0010_0001633
trainset/0010/0010_0001636/0000000.jpg,629,0010_0001636
trainset/0010/0010_0001638/0000004.jpg,630,0010_0001638
trainset/0010/0010_0001643/0000002.jpg,631,0010_0001643
trainset/0012/0012_0001655/0000002.jpg,632,0012_0001655
trainset/0012/0012_0001656/0000003.jpg,633,0012_0001656
trainset/0012/0012_0001660/0000000.jpg,634,0012_0001660
trainset/0012/0012_0001665/0000000.jpg,635,0012_0001665
trainset/0012/0012_0001673/0000001.jpg,636,0012_0001673
trainset/0012/0012_0001677/0000007.jpg,637,0012_0001677
trainset/0012/0012_0001680/0000000.jpg,638,0012_0001680
trainset/0012/0012_0001682/0000004.jpg,639,0012_0001682
trainset/0012/0012_0001685/0000001.jpg,640,0012_0001685
trainset/0012/0012_0001686/0000001.jpg,641,0012_0001686
trainset/0012/0012_0001687/0000011.jpg,642,0012_0001687
trainset/0012/0012_0001688/0000004.jpg,643,0012_0001688
trainset/0012/0012_0001691/0000009.jpg,644,0012_0001691
trainset/0012/0012_0001695/0000000.jpg,645,0012_0001695
trainset/0012/0012_0001696/0000001.jpg,646,0012_0001696
trainset/0012/0012_0001699/0000000.jpg,647,0012_0001699
trainset/0012/0012_0001700/0000001.jpg,648,0012_0001700
trainset/0013/0013_0001701/0000000.jpg,649,0013_0001701
trainset/0013/0013_0001703/0000000.jpg,650,0013_0001703
trainset/0013/0013_0001705/0000005.jpg,651,0013_0001705
trainset/0013/0013_0001706/0000001.jpg,652,0013_0001706
trainset/0013/0013_0001707/0000005.jpg,653,0013_0001707
trainset/0013/0013_0001709/0000000.jpg,654,0013_0001709
trainset/0013/0013_0001711/0000004.jpg,655,0013_0001711
trainset/0013/0013_0001713/0000003.jpg,656,0013_0001713
trainset/0013/0013_0001723/0000001.jpg,657,0013_0001723
trainset/0013/0013_0001724/0000003.jpg,658,0013_0001724
trainset/0013/0013_0001725/0000000.jpg,659,0013_0001725
trainset/0013/0013_0001726/0000002.jpg,660,0013_0001726
trainset/0013/0013_0001728/0000001.jpg,661,0013_0001728
trainset/0013/0013_0001730/0000000.jpg,662,0013_0001730
trainset/0013/0013_0001732/0000002.jpg,663,0013_0001732
trainset/0013/0013_0001734/0000001.jpg,664,0013_0001734
trainset/0013/0013_0001739/0000000.jpg,665,0013_0001739
trainset/0013/0013_0001743/0000008.jpg,666,0013_0001743
trainset/0013/0013_0001744/0000001.jpg,667,0013_0001744
trainset/0013/0013_0001745/0000000.jpg,668,0013_0001745
trainset/0013/0013_0001749/0000000.jpg,669,0013_0001749
trainset/0013/0013_0001750/0000000.jpg,670,0013_0001750
trainset/0013/0013_0001751/0000001.jpg,671,0013_0001751
trainset/0013/0013_0001756/0000001.jpg,672,0013_0001756
trainset/0013/0013_0001759/0000000.jpg,673,0013_0001759
trainset/0013/0013_0001760/0000002.jpg,674,0013_0001760
trainset/0013/0013_0001761/0000000.jpg,675,0013_0001761
trainset/0013/0013_0001767/0000001.jpg,676,0013_0001767
trainset/0013/0013_0001768/0000001.jpg,677,0013_0001768
trainset/0013/0013_0001770/0000007.jpg,678,0013_0001770
trainset/0013/0013_0001771/0000001.jpg,679,0013_0001771
trainset/0013/0013_0001775/0000000.jpg,680,0013_0001775
trainset/0013/0013_0001776/0000000.jpg,681,0013_0001776
trainset/0013/0013_0001779/0000001.jpg,682,0013_0001779
trainset/0013/0013_0001782/0000000.jpg,683,0013_0001782
trainset/0013/0013_0001783/0000004.jpg,684,0013_0001783
trainset/0013/0013_0001784/0000001.jpg,685,0013_0001784
trainset/0013/0013_0001785/0000000.jpg,686,0013_0001785
trainset/0013/0013_0001789/0000001.jpg,687,0013_0001789
trainset/0013/0013_0001791/0000000.jpg,688,0013_0001791
trainset/0013/0013_0001795/0000000.jpg,689,0013_0001795
trainset/0013/0013_0001796/0000006.jpg,690,0013_0001796
trainset/0013/0013_0001797/0000004.jpg,691,0013_0001797
trainset/0013/0013_0001799/0000000.jpg,692,0013_0001799
trainset/0013/0013_0001800/0000000.jpg,693,0013_0001800
trainset/0013/0013_0001802/0000001.jpg,694,0013_0001802
trainset/0013/0013_0001807/0000000.jpg,695,0013_0001807
trainset/0013/0013_0001809/0000001.jpg,696,0013_0001809
trainset/0013/0013_0001810/0000001.jpg,697,0013_0001810
trainset/0013/0013_0001812/0000000.jpg,698,0013_0001812
trainset/0013/0013_0001814/0000006.jpg,699,0013_0001814
trainset/0013/0013_0001817/0000000.jpg,700,0013_0001817
trainset/0013/0013_0001818/0000000.jpg,701,0013_0001818
trainset/0013/0013_0001827/0000000.jpg,702,0013_0001827
trainset/0013/0013_0001829/0000002.jpg,703,0013_0001829
trainset/0013/0013_0001830/0000005.jpg,704,0013_0001830
trainset/0013/0013_0001831/0000005.jpg,705,0013_0001831
trainset/0013/0013_0001833/0000000.jpg,706,0013_0001833
trainset/0013/0013_0001834/0000001.jpg,707,0013_0001834
trainset/0013/0013_0001836/0013_0001836_script.jpg,708,0013_0001836
trainset/0013/0013_0001840/0000000.jpg,709,0013_0001840
trainset/0013/0013_0001843/0000000.jpg,710,0013_0001843
trainset/0013/0013_0001847/0000000.jpg,711,0013_0001847
trainset/0013/0013_0001848/0000001.jpg,712,0013_0001848
trainset/0013/0013_0001849/0000000.jpg,713,0013_0001849
trainset/0013/0013_0001850/0000000.jpg,714,0013_0001850
trainset/0013/0013_0001851/0000001.jpg,715,0013_0001851
trainset/0013/0013_0001852/0000001.jpg,716,0013_0001852
trainset/0013/0013_0001741/0000004.jpg,717,0013_0001741
trainset/0013/0013_0001781/0000001.jpg,718,0013_0001781
trainset/0013/0013_0001815/0000001.jpg,719,0013_0001815
trainset/0013/0013_0001855/0000003.jpg,720,0013_0001855
trainset/0013/0013_0001901/0000000.jpg,721,0013_0001901
trainset/0013/0013_0001950/0000001.jpg,722,0013_0001950
trainset/0013/0013_0002001/0000000.jpg,723,0013_0002001
trainset/0013/0013_0002048/0013_0002048_script.jpg,724,0013_0002048
trainset/0013/0013_0002084/0000006.jpg,725,0013_0002084
trainset/0013/0013_0002122/0000000.jpg,726,0013_0002122
trainset/0013/0013_0002168/0000004.jpg,727,0013_0002168
trainset/0013/0013_0002205/0000001.jpg,728,0013_0002205
trainset/0013/0013_0002249/0013_0002249_script.jpg,729,0013_0002249
trainset/0013/0013_0002290/0000002.jpg,730,0013_0002290
trainset/0013/0013_0002321/0013_0002321_script.jpg,731,0013_0002321
trainset/0013/0013_0002360/0000001.jpg,732,0013_0002360
trainset/0013/0013_0002397/0000000.jpg,733,0013_0002397
trainset/0013/0013_0002437/0000000.jpg,734,0013_0002437
trainset/0013/0013_0001859/0000000.jpg,735,0013_0001859
trainset/0013/0013_0001866/0000001.jpg,736,0013_0001866
trainset/0013/0013_0001868/0000001.jpg,737,0013_0001868
trainset/0013/0013_0001869/0000000.jpg,738,0013_0001869
trainset/0013/0013_0001870/0000001.jpg,739,0013_0001870
trainset/0013/0013_0001871/0000000.jpg,740,0013_0001871
trainset/0013/0013_0001872/0000000.jpg,741,0013_0001872
trainset/0013/0013_0001873/0000001.jpg,742,0013_0001873
trainset/0013/0013_0001877/0000000.jpg,743,0013_0001877
trainset/0013/0013_0001880/0000004.jpg,744,0013_0001880
trainset/0013/0013_0001886/0000001.jpg,745,0013_0001886
trainset/0013/0013_0001888/0000004.jpg,746,0013_0001888
trainset/0013/0013_0001889/0000002.jpg,747,0013_0001889
trainset/0013/0013_0001890/0000001.jpg,748,0013_0001890
trainset/0013/0013_0001892/0000005.jpg,749,0013_0001892
trainset/0013/0013_0001896/0000000.jpg,750,0013_0001896
trainset/0013/0013_0001899/0000003.jpg,751,0013_0001899
trainset/0013/0013_0001904/0000000.jpg,752,0013_0001904
trainset/0013/0013_0001914/0000007.jpg,753,0013_0001914
trainset/0013/0013_0001915/0000000.jpg,754,0013_0001915
trainset/0013/0013_0001916/0000000.jpg,755,0013_0001916
trainset/0013/0013_0001921/0000000.jpg,756,0013_0001921
trainset/0013/0013_0001922/0000000.jpg,757,0013_0001922
trainset/0013/0013_0001924/0000005.jpg,758,0013_0001924
trainset/0013/0013_0001926/0000004.jpg,759,0013_0001926
trainset/0013/0013_0001927/0000001.jpg,760,0013_0001927
trainset/0013/0013_0001928/0000008.jpg,761,0013_0001928
trainset/0013/0013_0001933/0000000.jpg,762,0013_0001933
trainset/0013/0013_0001934/0000004.jpg,763,0013_0001934
trainset/0013/0013_0001935/0000000.jpg,764,0013_0001935
trainset/0013/0013_0001941/0000000.jpg,765,0013_0001941
trainset/0013/0013_0001942/0000001.jpg,766,0013_0001942
trainset/0013/0013_0001947/0000000.jpg,767,0013_0001947
trainset/0013/0013_0001949/0000000.jpg,768,0013_0001949
trainset/0013/0013_0001954/0000000.jpg,769,0013_0001954
trainset/0013/0013_0001966/0000000.jpg,770,0013_0001966
trainset/0013/0013_0001967/0000003.jpg,771,0013_0001967
trainset/0013/0013_0001968/0013_0001968_script.jpg,772,0013_0001968
trainset/0013/0013_0001970/0000000.jpg,773,0013_0001970
trainset/0013/0013_0001972/0000000.jpg,774,0013_0001972
trainset/0013/0013_0001977/0000000.jpg,775,0013_0001977
trainset/0013/0013_0001979/0000000.jpg,776,0013_0001979
trainset/0013/0013_0001980/0000001.jpg,777,0013_0001980
trainset/0013/0013_0001981/0000002.jpg,778,0013_0001981
trainset/0013/0013_0001987/0000000.jpg,779,0013_0001987
trainset/0013/0013_0001991/0000001.jpg,780,0013_0001991
trainset/0013/0013_0001992/0000001.jpg,781,0013_0001992
trainset/0013/0013_0001993/0000001.jpg,782,0013_0001993
trainset/0013/0013_0001998/0000000.jpg,783,0013_0001998
trainset/0013/0013_0001999/0000001.jpg,784,0013_0001999
trainset/0013/0013_0002000/0000000.jpg,785,0013_0002000
trainset/0013/0013_0002002/0000005.jpg,786,0013_0002002
trainset/0013/0013_0002010/0000000.jpg,787,0013_0002010
trainset/0013/0013_0002011/0000000.jpg,788,0013_0002011
trainset/0013/0013_0002014/0000003.jpg,789,0013_0002014
trainset/0013/0013_0002020/0000000.jpg,790,0013_0002020
trainset/0013/0013_0002021/0000000.jpg,791,0013_0002021
trainset/0013/0013_0002022/0000008.jpg,792,0013_0002022
trainset/0013/0013_0002023/0000000.jpg,793,0013_0002023
trainset/0013/0013_0002028/0000001.jpg,794,0013_0002028
trainset/0013/0013_0002030/0000000.jpg,795,0013_0002030
trainset/0013/0013_0002037/0000002.jpg,796,0013_0002037
trainset/0013/0013_0002038/0000004.jpg,797,0013_0002038
trainset/0013/0013_0002039/0000001.jpg,798,0013_0002039
trainset/0013/0013_0002040/0000000.jpg,799,0013_0002040
trainset/0013/0013_0002043/0000000.jpg,800,0013_0002043
trainset/0013/0013_0002044/0000000.jpg,801,0013_0002044
trainset/0013/0013_0002047/0000003.jpg,802,0013_0002047
trainset/0013/0013_0002049/0000001.jpg,803,0013_0002049
trainset/0013/0013_0002054/0000000.jpg,804,0013_0002054
trainset/0013/0013_0002055/0000002.jpg,805,0013_0002055
trainset/0013/0013_0002057/0000000.jpg,806,0013_0002057
trainset/0013/0013_0002058/0000000.jpg,807,0013_0002058
trainset/0013/0013_0002061/0013_0002061_script.jpg,808,0013_0002061
trainset/0013/0013_0002062/0000003.jpg,809,0013_0002062
trainset/0013/0013_0002063/0000008.jpg,810,0013_0002063
trainset/0013/0013_0002064/0000000.jpg,811,0013_0002064
trainset/0013/0013_0002065/0000000.jpg,812,0013_0002065
trainset/0013/0013_0002069/0000005.jpg,813,0013_0002069
trainset/0013/0013_0002071/0000005.jpg,814,0013_0002071
trainset/0013/0013_0002074/0000006.jpg,815,0013_0002074
trainset/0013/0013_0002076/0000000.jpg,816,0013_0002076
trainset/0013/0013_0002077/0000004.jpg,817,0013_0002077
trainset/0013/0013_0002081/0000000.jpg,818,0013_0002081
trainset/0013/0013_0002083/0000006.jpg,819,0013_0002083
trainset/0013/0013_0002085/0000002.jpg,820,0013_0002085
trainset/0013/0013_0002089/0000001.jpg,821,0013_0002089
trainset/0013/0013_0002090/0000000.jpg,822,0013_0002090
trainset/0013/0013_0002091/0000005.jpg,823,0013_0002091
trainset/0013/0013_0002093/0000004.jpg,824,0013_0002093
trainset/0013/0013_0002095/0000001.jpg,825,0013_0002095
trainset/0013/0013_0002100/0000004.jpg,826,0013_0002100
trainset/0013/0013_0002101/0000010.jpg,827,0013_0002101
trainset/0013/0013_0002102/0000000.jpg,828,0013_0002102
trainset/0013/0013_0002106/0000000.jpg,829,0013_0002106
trainset/0013/0013_0002110/0000000.jpg,830,0013_0002110
trainset/0013/0013_0002112/0000001.jpg,831,0013_0002112
trainset/0013/0013_0002114/0000001.jpg,832,0013_0002114
trainset/0013/0013_0002116/0000000.jpg,833,0013_0002116
trainset/0013/0013_0002117/0000000.jpg,834,0013_0002117
trainset/0013/0013_0002120/0000000.jpg,835,0013_0002120
trainset/0013/0013_0002121/0000000.jpg,836,0013_0002121
trainset/0013/0013_0002124/0000001.jpg,837,0013_0002124
trainset/0013/0013_0002134/0000001.jpg,838,0013_0002134
trainset/0013/0013_0002138/0000002.jpg,839,0013_0002138
trainset/0013/0013_0002141/0000001.jpg,840,0013_0002141
trainset/0013/0013_0002142/0000002.jpg,841,0013_0002142
trainset/0013/0013_0002143/0000000.jpg,842,0013_0002143
trainset/0013/0013_0002147/0000008.jpg,843,0013_0002147
trainset/0013/0013_0002149/0000005.jpg,844,0013_0002149
trainset/0013/0013_0002150/0000000.jpg,845,0013_0002150
trainset/0013/0013_0002151/0000001.jpg,846,0013_0002151
trainset/0013/0013_0002154/0000000.jpg,847,0013_0002154
trainset/0013/0013_0002155/0000000.jpg,848,0013_0002155
trainset/0013/0013_0002157/0000000.jpg,849,0013_0002157
trainset/0013/0013_0002158/0000005.jpg,850,0013_0002158
trainset/0013/0013_0002159/0000004.jpg,851,0013_0002159
trainset/0013/0013_0002164/0000005.jpg,852,0013_0002164
trainset/0013/0013_0002167/0000000.jpg,853,0013_0002167
trainset/0013/0013_0002169/0000004.jpg,854,0013_0002169
trainset/0013/0013_0002174/0000000.jpg,855,0013_0002174
trainset/0013/0013_0002175/0000001.jpg,856,0013_0002175
trainset/0013/0013_0002176/0000001.jpg,857,0013_0002176
trainset/0013/0013_0002180/0000001.jpg,858,0013_0002180
trainset/0013/0013_0002183/0000005.jpg,859,0013_0002183
trainset/0013/0013_0002187/0000007.jpg,860,0013_0002187
trainset/0013/0013_0002188/0000000.jpg,861,0013_0002188
trainset/0013/0013_0002190/0000001.jpg,862,0013_0002190
trainset/0013/0013_0002192/0000000.jpg,863,0013_0002192
trainset/0013/0013_0002195/0000000.jpg,864,0013_0002195
trainset/0013/0013_0002196/0000005.jpg,865,0013_0002196
trainset/0013/0013_0002197/0000000.jpg,866,0013_0002197
trainset/0013/0013_0002200/0000002.jpg,867,0013_0002200
trainset/0013/0013_0002201/0000001.jpg,868,0013_0002201
trainset/0013/0013_0002202/0000011.jpg,869,0013_0002202
trainset/0013/0013_0002203/0000003.jpg,870,0013_0002203
trainset/0013/0013_0002207/0000005.jpg,871,0013_0002207
trainset/0013/0013_0002211/0000003.jpg,872,0013_0002211
trainset/0013/0013_0002213/0000004.jpg,873,0013_0002213
trainset/0013/0013_0002214/0000001.jpg,874,0013_0002214
trainset/0013/0013_0002216/0000006.jpg,875,0013_0002216
trainset/0013/0013_0002218/0000006.jpg,876,0013_0002218
trainset/0013/0013_0002221/0000004.jpg,877,0013_0002221
trainset/0013/0013_0002225/0000001.jpg,878,0013_0002225
trainset/0013/0013_0002227/0000000.jpg,879,0013_0002227
trainset/0013/0013_0002229/0000005.jpg,880,0013_0002229
trainset/0013/0013_0002235/0000004.jpg,881,0013_0002235
trainset/0013/0013_0002238/0000006.jpg,882,0013_0002238
trainset/0013/0013_0002239/0000007.jpg,883,0013_0002239
trainset/0013/0013_0002240/0000000.jpg,884,0013_0002240
trainset/0013/0013_0002246/0000000.jpg,885,0013_0002246
trainset/0013/0013_0002247/0000001.jpg,886,0013_0002247
trainset/0013/0013_0002248/0000000.jpg,887,0013_0002248
trainset/0013/0013_0002250/0000000.jpg,888,0013_0002250
trainset/0013/0013_0002260/0000003.jpg,889,0013_0002260
trainset/0013/0013_0002261/0000008.jpg,890,0013_0002261
trainset/0013/0013_0002264/0000008.jpg,891,0013_0002264
trainset/0013/0013_0002265/0000000.jpg,892,0013_0002265
trainset/0013/0013_0002267/0000002.jpg,893,0013_0002267
trainset/0013/0013_0002271/0000006.jpg,894,0013_0002271
trainset/0013/0013_0002272/0000000.jpg,895,0013_0002272
trainset/0013/0013_0002273/0000000.jpg,896,0013_0002273
trainset/0013/0013_0002274/0000003.jpg,897,0013_0002274
trainset/0013/0013_0002278/0000004.jpg,898,0013_0002278
trainset/0013/0013_0002279/0000000.jpg,899,0013_0002279
trainset/0013/0013_0002281/0000006.jpg,900,0013_0002281
trainset/0013/0013_0002284/0000000.jpg,901,0013_0002284
trainset/0013/0013_0002286/0000002.jpg,902,0013_0002286
trainset/0013/0013_0002287/0000000.jpg,903,0013_0002287
trainset/0013/0013_0002289/0000006.jpg,904,0013_0002289
trainset/0013/0013_0002291/0000005.jpg,905,0013_0002291
trainset/0013/0013_0002294/0000010.jpg,906,0013_0002294
trainset/0013/0013_0002295/0000002.jpg,907,0013_0002295
trainset/0013/0013_0002296/0000000.jpg,908,0013_0002296
trainset/0013/0013_0002297/0000002.jpg,909,0013_0002297
trainset/0013/0013_0002298/0000000.jpg,910,0013_0002298
trainset/0013/0013_0002299/0000003.jpg,911,0013_0002299
trainset/0013/0013_0002301/0000001.jpg,912,0013_0002301
trainset/0013/0013_0002303/0013_0002303_script.jpg,913,0013_0002303
trainset/0013/0013_0002304/0000004.jpg,914,0013_0002304
trainset/0013/0013_0002308/0000005.jpg,915,0013_0002308
trainset/0013/0013_0002309/0000003.jpg,916,0013_0002309
trainset/0013/0013_0002310/0000001.jpg,917,0013_0002310
trainset/0013/0013_0002313/0000000.jpg,918,0013_0002313
trainset/0013/0013_0002317/0000000.jpg,919,0013_0002317
trainset/0013/0013_0002318/0000004.jpg,920,0013_0002318
trainset/0013/0013_0002319/0000000.jpg,921,0013_0002319
trainset/0013/0013_0002322/0000011.jpg,922,0013_0002322
trainset/0013/0013_0002330/0000001.jpg,923,0013_0002330
trainset/0013/0013_0002333/0000000.jpg,924,0013_0002333
trainset/0013/0013_0002334/0000000.jpg,925,0013_0002334
trainset/0013/0013_0002338/0000001.jpg,926,0013_0002338
trainset/0013/0013_0002339/0000002.jpg,927,0013_0002339
trainset/0013/0013_0002340/0000001.jpg,928,0013_0002340
trainset/0013/0013_0002343/0000000.jpg,929,0013_0002343
trainset/0013/0013_0002344/0000001.jpg,930,0013_0002344
trainset/0013/0013_0002345/0000000.jpg,931,0013_0002345
trainset/0013/0013_0002350/0000000.jpg,932,0013_0002350
trainset/0013/0013_0002352/0000000.jpg,933,0013_0002352
trainset/0013/0013_0002355/0000000.jpg,934,0013_0002355
trainset/0013/0013_0002356/0000001.jpg,935,0013_0002356
trainset/0013/0013_0002357/0000001.jpg,936,0013_0002357
trainset/0013/0013_0002358/0000001.jpg,937,0013_0002358
trainset/0013/0013_0002359/0000000.jpg,938,0013_0002359
trainset/0013/0013_0002361/0000009.jpg,939,0013_0002361
trainset/0013/0013_0002366/0000005.jpg,940,0013_0002366
trainset/0013/0013_0002367/0000008.jpg,941,0013_0002367
trainset/0013/0013_0002368/0000001.jpg,942,0013_0002368
trainset/0013/0013_0002369/0000000.jpg,943,0013_0002369
trainset/0013/0013_0002370/0000004.jpg,944,0013_0002370
trainset/0013/0013_0002372/0000001.jpg,945,0013_0002372
trainset/0013/0013_0002376/0000000.jpg,946,0013_0002376
trainset/0013/0013_0002377/0000005.jpg,947,0013_0002377
trainset/0013/0013_0002378/0000000.jpg,948,0013_0002378
trainset/0013/0013_0002387/0000000.jpg,949,0013_0002387
trainset/0013/0013_0002389/0000000.jpg,950,0013_0002389
trainset/0013/0013_0002390/0000001.jpg,951,0013_0002390
trainset/0013/0013_0002392/0000000.jpg,952,0013_0002392
trainset/0013/0013_0002394/0000001.jpg,953,0013_0002394
trainset/0013/0013_0002395/0000001.jpg,954,0013_0002395
trainset/0013/0013_0002396/0000006.jpg,955,0013_0002396
trainset/0013/0013_0002399/0000003.jpg,956,0013_0002399
trainset/0013/0013_0002404/0000001.jpg,957,0013_0002404
trainset/0013/0013_0002405/0000001.jpg,958,0013_0002405
trainset/0013/0013_0002411/0000000.jpg,959,0013_0002411
trainset/0013/0013_0002412/0000001.jpg,960,0013_0002412
trainset/0013/0013_0002413/0013_0002413_script.jpg,961,0013_0002413
trainset/0013/0013_0002414/0000000.jpg,962,0013_0002414
trainset/0013/0013_0002416/0000006.jpg,963,0013_0002416
trainset/0013/0013_0002417/0000001.jpg,964,0013_0002417
trainset/0013/0013_0002419/0000000.jpg,965,0013_0002419
trainset/0013/0013_0002423/0000000.jpg,966,0013_0002423
trainset/0013/0013_0002424/0000000.jpg,967,0013_0002424
trainset/0013/0013_0002425/0000002.jpg,968,0013_0002425
trainset/0013/0013_0002428/0000000.jpg,969,0013_0002428
trainset/0013/0013_0002431/0000006.jpg,970,0013_0002431
trainset/0013/0013_0002432/0000000.jpg,971,0013_0002432
trainset/0013/0013_0002433/0013_0002433_script.jpg,972,0013_0002433
trainset/0013/0013_0002441/0000000.jpg,973,0013_0002441
trainset/0013/0013_0002446/0000001.jpg,974,0013_0002446
trainset/0013/0013_0002447/0000000.jpg,975,0013_0002447
trainset/0013/0013_0002449/0000000.jpg,976,0013_0002449
trainset/0013/0013_0002450/0000000.jpg,977,0013_0002450
trainset/0013/0013_0002451/0000001.jpg,978,0013_0002451
trainset/0013/0013_0002453/0000002.jpg,979,0013_0002453
trainset/0013/0013_0002458/0000006.jpg,980,0013_0002458
trainset/0013/0013_0002460/0000008.jpg,981,0013_0002460
trainset/0013/0013_0002461/0000000.jpg,982,0013_0002461
trainset/0013/0013_0002466/0000000.jpg,983,0013_0002466
trainset/0013/0013_0002468/0000000.jpg,984,0013_0002468
trainset/0013/0013_0002471/0000005.jpg,985,0013_0002471
trainset/0013/0013_0002475/0000008.jpg,986,0013_0002475
trainset/0013/0013_0002478/0000007.jpg,987,0013_0002478
trainset/0013/0013_0002480/0000001.jpg,988,0013_0002480
trainset/0013/0013_0002481/0000000.jpg,989,0013_0002481
trainset/0013/0013_0002482/0000007.jpg,990,0013_0002482
trainset/0013/0013_0002484/0000001.jpg,991,0013_0002484
trainset/0013/0013_0002493/0013_0002493_script.jpg,992,0013_0002493
trainset/0014/0014_0002509/0000001.jpg,993,0014_0002509
trainset/0014/0014_0002510/0000001.jpg,994,0014_0002510
trainset/0014/0014_0002515/0000000.jpg,995,0014_0002515
trainset/0014/0014_0002525/0014_0002525_script.jpg,996,0014_0002525
trainset/0014/0014_0002526/0000001.jpg,997,0014_0002526
trainset/0014/0014_0002529/0000000.jpg,998,0014_0002529
trainset/0014/0014_0002530/0000009.jpg,999,0014_0002530
trainset/0014/0014_0002535/0000001.jpg,1000,0014_0002535
trainset/0014/0014_0002536/0000005.jpg,1001,0014_0002536
trainset/0014/0014_0002540/0000006.jpg,1002,0014_0002540
trainset/0014/0014_0002560/0000004.jpg,1003,0014_0002560
trainset/0014/0014_0002569/0000000.jpg,1004,0014_0002569
trainset/0014/0014_0002570/0000007.jpg,1005,0014_0002570
trainset/0014/0014_0002571/0000004.jpg,1006,0014_0002571
trainset/0014/0014_0002585/0000000.jpg,1007,0014_0002585
trainset/0014/0014_0002593/0014_0002593_script.jpg,1008,0014_0002593
trainset/0014/0014_0002594/0000000.jpg,1009,0014_0002594
trainset/0014/0014_0002600/0000001.jpg,1010,0014_0002600
trainset/0014/0014_0002614/0000001.jpg,1011,0014_0002614
trainset/0014/0014_0002623/0014_0002623_script.jpg,1012,0014_0002623
